Product Name,Division,Current Factory,Candidate Factory,Distance Improvement %,Lead Time Reduction %,Profit Margin %,Profit Impact Risk,Confidence,Efficiency Score
Nerds,Sugar,Sugar Shack,Wicked Choccy's,52.105441457289594,9.999999999999993,46.666666666666664,Low,Scenario / Proxy,23.026360364322393
Fun Dip,Sugar,Sugar Shack,The Other Factory,38.009596406105246,7.506702412868645,40.0,Low,Scenario / Proxy,17.009101514394956
Laffy Taffy,Sugar,Sugar Shack,The Other Factory,29.794147072344558,5.9898477157360395,62.31155778894474,Low,Scenario / Proxy,13.43838448382218
SweeTARTS,Sugar,Sugar Shack,Secret Factory,22.81161995316367,4.578144185230649,46.666666666666664,Low,Scenario / Proxy,10.281049173521566
Wonka Bar - Triple Dazzle Caramel,Chocolate,Wicked Choccy's,The Other Factory,22.230844101879008,4.397659114640236,65.33333333333333,Low,Scenario / Proxy,9.955370140109988
Everlasting Gobstopper,Sugar,Secret Factory,Lot's O' Nuts,21.993319536375335,4.401735895846244,80.0,Low,Scenario / Proxy,9.900065779940078
Wonka Bar - Milk Chocolate,Chocolate,Wicked Choccy's,The Other Factory,21.51392398673166,4.211835917164458,64.92307692307692,Low,Scenario / Proxy,9.590316913847373
Fizzy Lifting Drinks,Sugar,Sugar Shack,The Other Factory,21.29716487046426,4.196721311475402,60.0,Low,Scenario / Proxy,9.521012529091468
Wonka Bar - Fudge Mallows,Chocolate,Lot's O' Nuts,The Other Factory,11.963832352108033,2.449346321482856,66.66666666666666,Low,Scenario / Proxy,5.4403044095098645
Hair Toffee,Sugar,The Other Factory,Lot's O' Nuts,11.194592421336912,2.328358208955227,77.77777777777779,Low,Scenario / Proxy,5.127006314289455
Wonka Bar -Scrumdiddlyumptious,Chocolate,Lot's O' Nuts,The Other Factory,10.276664497703614,2.0045716511264553,69.44444444444444,Low,Scenario / Proxy,4.573737775552359
