Product Name,Division,Current Factory,Candidate Factory,Distance Proxy (mi),Current Distance Proxy (mi),Distance Improvement %,Current Avg Lead Time (proxy days),Scenario Lead Time (proxy days),Lead Time Reduction %,Recommended,Profit Margin %,Profit Impact Risk,Confidence
Everlasting Gobstopper,Sugar,Secret Factory,Lot's O' Nuts,769.5653536100768,986.5377542490521,21.993319536375335,5.376666666666666,5.14,4.401735895846244,True,80.0,Low,Scenario / Proxy
Everlasting Gobstopper,Sugar,Secret Factory,Wicked Choccy's,1400.2431144838276,986.5377542490521,-41.9350763265706,5.376666666666666,5.83,-8.431494110353393,False,80.0,Low,Scenario / Proxy
Everlasting Gobstopper,Sugar,Secret Factory,Sugar Shack,1119.2590146924615,986.5377542490521,-13.45323682461967,5.376666666666666,5.52,-2.665840049597028,False,80.0,Low,Scenario / Proxy
Everlasting Gobstopper,Sugar,Secret Factory,Secret Factory,986.5377542490521,986.5377542490521,0.0,5.376666666666666,5.38,-0.06199628022319631,False,80.0,Low,Baseline
Everlasting Gobstopper,Sugar,Secret Factory,The Other Factory,915.0863051735944,986.5377542490521,7.242647204094712,5.376666666666666,5.3,1.425914445133284,False,80.0,Low,Scenario / Proxy
Fizzy Lifting Drinks,Sugar,Sugar Shack,Lot's O' Nuts,1210.0269583440866,1078.5007614926794,-12.195280851667706,5.083333333333333,5.21,-2.49180327868853,False,60.0,Low,Scenario / Proxy
Fizzy Lifting Drinks,Sugar,Sugar Shack,Wicked Choccy's,1089.9141654458604,1078.5007614926794,-1.058265729676854,5.083333333333333,5.09,-0.1311475409836096,False,60.0,Low,Scenario / Proxy
Fizzy Lifting Drinks,Sugar,Sugar Shack,Sugar Shack,1078.5007614926794,1078.5007614926794,0.0,5.083333333333333,5.08,0.06557377049179605,False,60.0,Low,Baseline
Fizzy Lifting Drinks,Sugar,Sugar Shack,Secret Factory,859.8688019995118,1078.5007614926794,20.271840994398005,5.083333333333333,4.88,3.9999999999999964,True,60.0,Low,Scenario / Proxy
Fizzy Lifting Drinks,Sugar,Sugar Shack,The Other Factory,848.810676188371,1078.5007614926794,21.29716487046426,5.083333333333333,4.87,4.196721311475402,True,60.0,Low,Scenario / Proxy
Fun Dip,Sugar,Sugar Shack,Lot's O' Nuts,1294.4763973561317,1057.9051196421547,-22.36223961124219,4.973333333333334,5.2,-4.55764075067024,False,40.0,Low,Scenario / Proxy
Fun Dip,Sugar,Sugar Shack,Wicked Choccy's,864.9632271191601,1057.9051196421547,18.23810934843181,4.973333333333334,4.79,3.6863270777479937,True,40.0,Low,Scenario / Proxy
Fun Dip,Sugar,Sugar Shack,Sugar Shack,1057.9051196421547,1057.9051196421547,0.0,4.973333333333334,4.97,0.06702412868633756,False,40.0,Low,Baseline
Fun Dip,Sugar,Sugar Shack,Secret Factory,741.4728741860079,1057.9051196421547,29.911212223189036,4.973333333333334,4.68,5.898123324396794,True,40.0,Low,Scenario / Proxy
Fun Dip,Sugar,Sugar Shack,The Other Factory,655.7996533066469,1057.9051196421547,38.009596406105246,4.973333333333334,4.6,7.506702412868645,True,40.0,Low,Scenario / Proxy
Hair Toffee,Sugar,The Other Factory,Lot's O' Nuts,1030.6966997925479,1160.6238042199911,11.194592421336912,4.1875,4.09,2.328358208955227,True,77.77777777777779,Low,Scenario / Proxy
Hair Toffee,Sugar,The Other Factory,Wicked Choccy's,1454.8600598116336,1160.6238042199911,-25.351561334672684,4.1875,4.4,-5.07462686567165,False,77.77777777777779,Low,Scenario / Proxy
Hair Toffee,Sugar,The Other Factory,Sugar Shack,1334.6549195314246,1160.6238042199911,-14.994618814353275,4.1875,4.31,-2.925373134328349,False,77.77777777777779,Low,Scenario / Proxy
Hair Toffee,Sugar,The Other Factory,Secret Factory,1210.9506035039135,1160.6238042199911,-4.3361853428247565,4.1875,4.22,-0.7761194029850687,False,77.77777777777779,Low,Scenario / Proxy
Hair Toffee,Sugar,The Other Factory,The Other Factory,1160.6238042199911,1160.6238042199911,0.0,4.1875,4.19,-0.05970149253732277,False,77.77777777777779,Low,Baseline
Kazookles,Other,The Other Factory,Lot's O' Nuts,1243.3232525702256,1009.5906498058401,-23.151224985030897,5.0659374999999995,5.3,-4.620319536117457,False,7.6923076923076925,High,Scenario / Proxy
Kazookles,Other,The Other Factory,Wicked Choccy's,1203.6462290495153,1009.5906498058401,-19.221213992125925,5.0659374999999995,5.26,-3.8307322188637394,False,7.6923076923076925,High,Scenario / Proxy
Kazookles,Other,The Other Factory,Sugar Shack,1231.1329979481925,1009.5906498058401,-21.943779707642733,5.0659374999999995,5.29,-4.422922706804032,False,7.6923076923076925,High,Scenario / Proxy
Kazookles,Other,The Other Factory,Secret Factory,1035.8180626786996,1009.5906498058401,-2.5978264436089376,5.0659374999999995,5.09,-0.47498612053544526,False,7.6923076923076925,High,Scenario / Proxy
Kazookles,Other,The Other Factory,The Other Factory,1009.5906498058401,1009.5906498058401,0.0,5.0659374999999995,5.07,-0.08019246190859533,False,7.6923076923076925,High,Baseline
Laffy Taffy,Sugar,Sugar Shack,Lot's O' Nuts,1583.6166291586062,1201.0779707233305,-31.84961074632796,4.925,5.24,-6.395939086294425,False,62.31155778894474,Low,Scenario / Proxy
Laffy Taffy,Sugar,Sugar Shack,Wicked Choccy's,857.221042070356,1201.0779707233305,28.62902634421744,4.925,4.64,5.7868020304568555,True,62.31155778894474,Low,Scenario / Proxy
Laffy Taffy,Sugar,Sugar Shack,Sugar Shack,1201.0779707233305,1201.0779707233305,0.0,4.925,4.92,0.10152284263959174,False,62.31155778894474,Low,Baseline
Laffy Taffy,Sugar,Sugar Shack,Secret Factory,884.4471941631502,1201.0779707233305,26.36221663190561,4.925,4.67,5.1776649746192875,True,62.31155778894474,Low,Scenario / Proxy
Laffy Taffy,Sugar,Sugar Shack,The Other Factory,843.2270336724899,1201.0779707233305,29.794147072344558,4.925,4.63,5.9898477157360395,True,62.31155778894474,Low,Scenario / Proxy
Lickable Wallpaper,Other,Secret Factory,Lot's O' Nuts,1193.82171276819,1055.9476486946169,-13.056903364860542,5.022978723404256,5.15,-2.528803795323617,False,50.0,Low,Scenario / Proxy
Lickable Wallpaper,Other,Secret Factory,Wicked Choccy's,1287.7516264544386,1055.9476486946169,-21.952222541182064,5.022978723404256,5.24,-4.320569298542861,False,50.0,Low,Scenario / Proxy
Lickable Wallpaper,Other,Secret Factory,Sugar Shack,1209.6701309845366,1055.9476486946169,-14.557774950297443,5.022978723404256,5.17,-2.9269739071501077,False,50.0,Low,Scenario / Proxy
Lickable Wallpaper,Other,Secret Factory,Secret Factory,1055.9476486946169,1055.9476486946169,0.0,5.022978723404256,5.02,0.059301931548645125,False,50.0,Low,Baseline
Lickable Wallpaper,Other,Secret Factory,The Other Factory,1067.3380533822403,1055.9476486946169,-1.078690283718563,5.022978723404256,5.03,-0.13978312436461804,False,50.0,Low,Scenario / Proxy
Nerds,Sugar,Sugar Shack,Lot's O' Nuts,2085.0723897031035,1227.5021184440213,-69.86303798368479,6.0,6.6,-9.999999999999993,False,46.666666666666664,Low,Scenario / Proxy
Nerds,Sugar,Sugar Shack,Wicked Choccy's,587.9067207311823,1227.5021184440213,52.105441457289594,6.0,5.4,9.999999999999993,True,46.666666666666664,Low,Scenario / Proxy
Nerds,Sugar,Sugar Shack,Sugar Shack,1227.5021184440213,1227.5021184440213,0.0,6.0,6.0,0.0,False,46.666666666666664,Low,Baseline
Nerds,Sugar,Sugar Shack,Secret Factory,837.1485150823196,1227.5021184440213,31.800646002673545,6.0,5.62,6.333333333333331,True,46.666666666666664,Low,Scenario / Proxy
Nerds,Sugar,Sugar Shack,The Other Factory,866.7453718419455,1227.5021184440213,29.389500937022433,6.0,5.65,5.833333333333327,True,46.666666666666664,Low,Scenario / Proxy
SweeTARTS,Sugar,Sugar Shack,Lot's O' Nuts,1406.0984846292783,1018.1967547777646,-38.09693244761703,5.701,6.14,-7.700403437993336,False,46.666666666666664,Low,Scenario / Proxy
SweeTARTS,Sugar,Sugar Shack,Wicked Choccy's,978.5048817526358,1018.1967547777646,3.8982517709744666,5.701,5.66,0.7191720750745393,False,46.666666666666664,Low,Scenario / Proxy
SweeTARTS,Sugar,Sugar Shack,Sugar Shack,1018.1967547777646,1018.1967547777646,0.0,5.701,5.7,0.017540782318881704,False,46.666666666666664,Low,Baseline
SweeTARTS,Sugar,Sugar Shack,Secret Factory,785.929580702415,1018.1967547777646,22.81161995316367,5.701,5.44,4.578144185230649,True,46.666666666666664,Low,Scenario / Proxy
SweeTARTS,Sugar,Sugar Shack,The Other Factory,843.4789778354724,1018.1967547777646,17.159529935884223,5.701,5.51,3.350289422908259,True,46.666666666666664,Low,Scenario / Proxy
Wonka Bar - Fudge Mallows,Chocolate,Lot's O' Nuts,Lot's O' Nuts,1127.2286718271137,1127.2286718271137,0.0,5.258806380638064,5.26,-0.022697533918160977,False,66.66666666666666,Low,Baseline
Wonka Bar - Fudge Mallows,Chocolate,Lot's O' Nuts,Wicked Choccy's,1261.1863251122484,1127.2286718271137,-11.88380464702021,5.258806380638064,5.38,-2.30458416967295,False,66.66666666666666,Low,Scenario / Proxy
Wonka Bar - Fudge Mallows,Chocolate,Lot's O' Nuts,Sugar Shack,1166.4068148537535,1127.2286718271137,-3.4756162618837947,5.258806380638064,5.3,-0.7833264125030907,False,66.66666666666666,Low,Scenario / Proxy
Wonka Bar - Fudge Mallows,Chocolate,Lot's O' Nuts,Secret Factory,1000.895072970927,1127.2286718271137,11.207450805116038,5.258806380638064,5.14,2.259189101836628,True,66.66666666666666,Low,Scenario / Proxy
Wonka Bar - Fudge Mallows,Chocolate,Lot's O' Nuts,The Other Factory,992.3689233048237,1127.2286718271137,11.963832352108033,5.258806380638064,5.13,2.449346321482856,True,66.66666666666666,Low,Scenario / Proxy
Wonka Bar - Milk Chocolate,Chocolate,Wicked Choccy's,Lot's O' Nuts,1123.4437479536903,1262.5555535263147,11.018272042294338,5.303369209171736,5.19,2.1376827578904543,True,64.92307692307692,Low,Scenario / Proxy
Wonka Bar - Milk Chocolate,Chocolate,Wicked Choccy's,Wicked Choccy's,1262.5555535263147,1262.5555535263147,0.0,5.303369209171736,5.3,0.0635295986164671,False,64.92307692307692,Low,Baseline
Wonka Bar - Milk Chocolate,Chocolate,Wicked Choccy's,Sugar Shack,1161.3614514586159,1262.5555535263147,8.015021737860481,5.303369209171736,5.22,1.5720046235430125,False,64.92307692307692,Low,Scenario / Proxy
Wonka Bar - Milk Chocolate,Chocolate,Wicked Choccy's,Secret Factory,997.3231663574894,1262.5555535263147,21.00758152209872,5.303369209171736,5.08,4.211835917164458,True,64.92307692307692,Low,Scenario / Proxy
Wonka Bar - Milk Chocolate,Chocolate,Wicked Choccy's,The Other Factory,990.9303114504042,1262.5555535263147,21.51392398673166,5.303369209171736,5.08,4.211835917164458,True,64.92307692307692,Low,Scenario / Proxy
Wonka Bar - Nutty Crunch Surprise,Chocolate,Lot's O' Nuts,Lot's O' Nuts,1087.1818796849573,1087.1818796849573,0.0,5.216265193370166,5.22,-0.07159924757239397,False,71.34670487106017,Low,Baseline
Wonka Bar - Nutty Crunch Surprise,Chocolate,Lot's O' Nuts,Wicked Choccy's,1280.8746767350467,1087.1818796849573,-17.816043540591163,5.216265193370166,5.4,-3.5223440492128333,False,71.34670487106017,Low,Scenario / Proxy
Wonka Bar - Nutty Crunch Surprise,Chocolate,Lot's O' Nuts,Sugar Shack,1153.3991634271943,1087.1818796849573,-6.090727317992586,5.216265193370166,5.28,-1.2218475147858794,False,71.34670487106017,Low,Scenario / Proxy
Wonka Bar - Nutty Crunch Surprise,Chocolate,Lot's O' Nuts,Secret Factory,995.6697248595132,1087.1818796849573,8.417373075787689,5.216265193370166,5.13,1.6537731532478168,False,71.34670487106017,Low,Scenario / Proxy
Wonka Bar - Nutty Crunch Surprise,Chocolate,Lot's O' Nuts,The Other Factory,987.3009876504423,1087.1818796849573,9.18713730433572,5.216265193370166,5.12,1.8454811977833923,False,71.34670487106017,Low,Scenario / Proxy
Wonka Bar - Triple Dazzle Caramel,Chocolate,Wicked Choccy's,Lot's O' Nuts,1090.0532541173077,1297.2927489348003,15.974767066851781,5.313677419354838,5.14,3.2684976081202457,True,65.33333333333333,Low,Scenario / Proxy
Wonka Bar - Triple Dazzle Caramel,Chocolate,Wicked Choccy's,Wicked Choccy's,1297.2927489348003,1297.2927489348003,0.0,5.313677419354838,5.31,0.06920667298025512,False,65.33333333333333,Low,Baseline
Wonka Bar - Triple Dazzle Caramel,Chocolate,Wicked Choccy's,Sugar Shack,1171.7412905846252,1297.2927489348003,9.677958845701152,5.313677419354838,5.21,1.951142517180244,False,65.33333333333333,Low,Scenario / Proxy
Wonka Bar - Triple Dazzle Caramel,Chocolate,Wicked Choccy's,Secret Factory,1018.0613323353533,1297.2927489348003,21.524163827225763,5.313677419354838,5.08,4.397659114640236,True,65.33333333333333,Low,Scenario / Proxy
Wonka Bar - Triple Dazzle Caramel,Chocolate,Wicked Choccy's,The Other Factory,1008.8936203741242,1297.2927489348003,22.230844101879008,5.313677419354838,5.08,4.397659114640236,True,65.33333333333333,Low,Scenario / Proxy
Wonka Bar -Scrumdiddlyumptious,Chocolate,Lot's O' Nuts,Lot's O' Nuts,1122.0230158774696,1122.0230158774696,0.0,5.224733527131783,5.22,0.09059844118752584,False,69.44444444444444,Low,Baseline
Wonka Bar -Scrumdiddlyumptious,Chocolate,Lot's O' Nuts,Wicked Choccy's,1277.086513093333,1122.0230158774696,-13.819992551097288,5.224733527131783,5.37,-2.7803613737208854,False,69.44444444444444,Low,Scenario / Proxy
Wonka Bar -Scrumdiddlyumptious,Chocolate,Lot's O' Nuts,Sugar Shack,1169.9157317183092,1122.0230158774696,-4.268425438972435,5.224733527131783,5.27,-0.866388163781939,False,69.44444444444444,Low,Scenario / Proxy
Wonka Bar -Scrumdiddlyumptious,Chocolate,Lot's O' Nuts,Secret Factory,1010.8924098352109,1122.0230158774696,9.904485422284306,5.224733527131783,5.12,2.0045716511264553,True,69.44444444444444,Low,Scenario / Proxy
Wonka Bar -Scrumdiddlyumptious,Chocolate,Lot's O' Nuts,The Other Factory,1006.7164749487263,1122.0230158774696,10.276664497703614,5.224733527131783,5.12,2.0045716511264553,True,69.44444444444444,Low,Scenario / Proxy
Wonka Gum,Other,Secret Factory,Lot's O' Nuts,1171.153477058458,938.7086146439219,-24.76219550863597,4.8709999999999996,5.11,-4.906590022582648,False,52.0,Low,Scenario / Proxy
Wonka Gum,Other,Secret Factory,Wicked Choccy's,1157.0652582143885,938.7086146439219,-23.261386991030783,4.8709999999999996,5.1,-4.70129336891809,False,52.0,Low,Scenario / Proxy
Wonka Gum,Other,Secret Factory,Sugar Shack,1145.9798249966886,938.7086146439219,-22.08046321502977,4.8709999999999996,5.09,-4.495996715253548,False,52.0,Low,Scenario / Proxy
Wonka Gum,Other,Secret Factory,Secret Factory,938.7086146439219,938.7086146439219,0.0,4.8709999999999996,4.87,0.02052966536644315,False,52.0,Low,Baseline
Wonka Gum,Other,Secret Factory,The Other Factory,904.8155367529548,938.7086146439219,3.610606887188703,4.8709999999999996,4.84,0.6364196263600842,False,52.0,Low,Scenario / Proxy
