Product Name,Division,Current Factory,Orders,Rows,Sales,Gross_Profit,Units,Avg_Proxy_Lead_Time,Profit_Margin_%
Everlasting Gobstopper,Sugar,Secret Factory,3,3,130.0,104.0,13,5.376666666666666,80.0
Fizzy Lifting Drinks,Sugar,Sugar Shack,6,6,78.75,47.25,21,5.083333333333333,60.0
Fun Dip,Sugar,Sugar Shack,3,3,12.0,4.8,8,4.973333333333334,40.0
Hair Toffee,Sugar,The Other Factory,4,4,76.5,59.5,17,4.1875,77.77777777777779
Kazookles,Other,The Other Factory,94,96,1205.75,92.75,371,5.0659374999999995,7.6923076923076925
Laffy Taffy,Sugar,Sugar Shack,10,10,53.73,33.480000000000004,27,4.925,62.31155778894474
Lickable Wallpaper,Other,Secret Factory,92,94,7860.0,3930.0,393,5.022978723404256,50.0
Nerds,Sugar,Sugar Shack,4,4,15.0,7.0,10,6.0,46.666666666666664
SweeTARTS,Sugar,Sugar Shack,10,10,61.5,28.7,41,5.701,46.666666666666664
Wonka Bar - Fudge Mallows,Chocolate,Lot's O' Nuts,1527,1818,24890.4,16593.6,6914,5.258806380638064,66.66666666666666
Wonka Bar - Milk Chocolate,Chocolate,Wicked Choccy's,1768,2137,26867.75,17443.37,8267,5.303369209171736,64.92307692307692
Wonka Bar - Nutty Crunch Surprise,Chocolate,Lot's O' Nuts,1529,1810,23574.95,16819.95,6755,5.216265193370166,71.34670487106017
Wonka Bar - Triple Dazzle Caramel,Chocolate,Wicked Choccy's,1677,2015,28485.0,18610.2,7596,5.313677419354838,65.33333333333333
Wonka Bar -Scrumdiddlyumptious,Chocolate,Lot's O' Nuts,1704,2064,27874.8,19357.5,7743,5.224733527131783,69.44444444444444
Wonka Gum,Other,Secret Factory,118,120,597.5,310.7,478,4.8709999999999996,52.0
